str_id,data_type,data_status,book_type,subcategory,title,image_url
52629823,kongduzi,1,1,图书>军事,孙子兵法,https://www.kongfz.com/static/kfz-searchBar/logo-220.png
52629823,kongduzi,1,1,图书>军事,孙子兵法,https://www.kongfz.com/static/kfz-searchBar/logo-220.png
52629823,kongduzi,1,1,图书>军事,孙子兵法,https://www.kongfz.com/static/kfz-searchBar/logo-220.png
52629823,kongduzi,1,1,图书>军事,孙子兵法,https://www.kongfz.com/static/kfz-searchBar/logo-220.png
52629823,kongduzi,1,1,图书>军事,孙子兵法,https://www.kongfz.com/static/kfz-searchBar/logo-220.png
52629823,kongduzi,1,1,图书>军事,孙子兵法,https://www.kongfz.com/static/kfz-searchBar/logo-220.png
52629823,kongduzi,1,1,图书>军事,孙子兵法,https://www.kongfz.com/static/kfz-searchBar/logo-220.png
52629823,kongduzi,1,1,图书>军事,孙子兵法,https://www.kongfz.com/static/kfz-searchBar/logo-220.png
52629823,kongduzi,1,1,图书>军事,孙子兵法,https://www.kongfz.com/static/kfz-searchBar/logo-220.png
52629823,kongduzi,1,1,图书>军事,孙子兵法,https://www.kongfz.com/static/kfz-searchBar/logo-220.png
52629823,kongduzi,1,1,图书>军事,孙子兵法,https://www.kongfz.com/static/kfz-searchBar/logo-220.png
52629823,kongduzi,1,1,图书>军事,孙子兵法,https://www.kongfz.com/static/kfz-searchBar/logo-220.png
52629823,kongduzi,1,1,图书>军事,孙子兵法,https://www.kongfz.com/static/kfz-searchBar/logo-220.png
52629823,kongduzi,1,1,图书>军事,孙子兵法,https://www.kongfz.com/static/kfz-searchBar/logo-220.png
52629823,kongduzi,1,1,图书>军事,孙子兵法,https://www.kongfz.com/static/kfz-searchBar/logo-220.png
52629823,kongduzi,1,1,图书>军事,孙子兵法,https://www.kongfz.com/static/kfz-searchBar/logo-220.png
52629823,kongduzi,1,1,图书>军事,孙子兵法,https://www.kongfz.com/static/kfz-searchBar/logo-220.png
52629823,kongduzi,1,1,图书>军事,孙子兵法,https://www.kongfz.com/static/kfz-searchBar/logo-220.png
52629823,kongduzi,1,1,图书>军事,孙子兵法,https://www.kongfz.com/static/kfz-searchBar/logo-220.png
52629823,kongduzi,1,1,图书>军事,孙子兵法,https://www.kongfz.com/static/kfz-searchBar/logo-220.png
52629823,kongduzi,1,1,图书>军事,孙子兵法,https://www.kongfz.com/static/kfz-searchBar/logo-220.png
52629823,kongduzi,1,1,图书>军事,孙子兵法,https://www.kongfz.com/static/kfz-searchBar/logo-220.png
52629823,kongduzi,1,1,图书>军事,孙子兵法,https://www.kongfz.com/static/kfz-searchBar/logo-220.png
52629823,kongduzi,1,1,图书>军事,孙子兵法,https://www.kongfz.com/static/kfz-searchBar/logo-220.png
52629823,kongduzi,1,1,图书>军事,孙子兵法,https://www.kongfz.com/static/kfz-searchBar/logo-220.png
52629823,kongduzi,1,1,图书>军事,孙子兵法,https://www.kongfz.com/static/kfz-searchBar/logo-220.png
52629823,kongduzi,1,1,图书>军事,孙子兵法,https://www.kongfz.com/static/kfz-searchBar/logo-220.png
52629823,kongduzi,1,1,图书>军事,孙子兵法,https://www.kongfz.com/static/kfz-searchBar/logo-220.png
52629823,kongduzi,1,1,图书>军事,孙子兵法,https://www.kongfz.com/static/kfz-searchBar/logo-220.png
52629823,kongduzi,1,1,图书>军事,孙子兵法,https://www.kongfz.com/static/kfz-searchBar/logo-220.png
52629823,kongduzi,1,1,图书>军事,孙子兵法,https://www.kongfz.com/static/kfz-searchBar/logo-220.png
52629823,kongduzi,1,1,图书>军事,孙子兵法,https://www.kongfz.com/static/kfz-searchBar/logo-220.png
52629823,kongduzi,1,1,图书>军事,孙子兵法,https://www.kongfz.com/static/kfz-searchBar/logo-220.png
52629823,kongduzi,1,1,图书>军事,孙子兵法,https://www.kongfz.com/static/kfz-searchBar/logo-220.png
52629823,kongduzi,1,1,图书>军事,孙子兵法,https://www.kongfz.com/static/kfz-searchBar/logo-220.png
52629823,kongduzi,1,1,图书>军事,孙子兵法,https://www.kongfz.com/static/kfz-searchBar/logo-220.png
52629823,kongduzi,1,1,图书>军事,孙子兵法,https://www.kongfz.com/static/kfz-searchBar/logo-220.png
52629823,kongduzi,1,1,图书>军事,孙子兵法,https://www.kongfz.com/static/kfz-searchBar/logo-220.png
52629823,kongduzi,1,1,图书>军事,孙子兵法,https://www.kongfz.com/static/kfz-searchBar/logo-220.png
52629823,kongduzi,1,1,图书>军事,孙子兵法,https://www.kongfz.com/static/kfz-searchBar/logo-220.png
52629823,kongduzi,1,1,图书>军事,孙子兵法,https://www.kongfz.com/static/kfz-searchBar/logo-220.png
52629823,kongduzi,1,1,图书>军事,孙子兵法,https://www.kongfz.com/static/kfz-searchBar/logo-220.png
52629823,kongduzi,1,1,图书>军事,孙子兵法,https://www.kongfz.com/static/kfz-searchBar/logo-220.png
52629823,kongduzi,1,1,图书>军事,孙子兵法,https://www.kongfz.com/static/kfz-searchBar/logo-220.png
52629823,kongduzi,1,1,图书>军事,孙子兵法,https://www.kongfz.com/static/kfz-searchBar/logo-220.png
52629823,kongduzi,1,1,图书>军事,孙子兵法,https://www.kongfz.com/static/kfz-searchBar/logo-220.png
52629823,kongduzi,1,1,图书>军事,孙子兵法,https://www.kongfz.com/static/kfz-searchBar/logo-220.png
52629823,kongduzi,1,1,图书>军事,孙子兵法,https://www.kongfz.com/static/kfz-searchBar/logo-220.png
52629823,kongduzi,1,1,图书>军事,孙子兵法,https://www.kongfz.com/static/kfz-searchBar/logo-220.png
52629823,kongduzi,1,1,图书>军事,孙子兵法,https://www.kongfz.com/static/kfz-searchBar/logo-220.png
52629823,kongduzi,1,1,图书>军事,孙子兵法,https://www.kongfz.com/static/kfz-searchBar/logo-220.png
52629823,kongduzi,1,1,图书>军事,孙子兵法,https://www.kongfz.com/static/kfz-searchBar/logo-220.png
52629823,kongduzi,1,1,图书>军事,孙子兵法,https://www.kongfz.com/static/kfz-searchBar/logo-220.png
52629823,kongduzi,1,1,图书>军事,孙子兵法,https://www.kongfz.com/static/kfz-searchBar/logo-220.png
52629823,kongduzi,1,1,图书>军事,孙子兵法,https://www.kongfz.com/static/kfz-searchBar/logo-220.png
52629823,kongduzi,1,1,图书>军事,孙子兵法,https://www.kongfz.com/static/kfz-searchBar/logo-220.png
52629823,kongduzi,1,1,图书>军事,孙子兵法,https://www.kongfz.com/static/kfz-searchBar/logo-220.png
52629823,kongduzi,1,1,图书>军事,孙子兵法,https://www.kongfz.com/static/kfz-searchBar/logo-220.png
52629823,kongduzi,1,1,图书>军事,孙子兵法,https://www.kongfz.com/static/kfz-searchBar/logo-220.png
52629823,kongduzi,1,1,图书>军事,孙子兵法,https://www.kongfz.com/static/kfz-searchBar/logo-220.png
52629823,kongduzi,1,1,图书>军事,孙子兵法,https://www.kongfz.com/static/kfz-searchBar/logo-220.png
52629823,kongduzi,1,1,图书>军事,孙子兵法,https://www.kongfz.com/static/kfz-searchBar/logo-220.png
52629823,kongduzi,1,1,图书>军事,孙子兵法,https://www.kongfz.com/static/kfz-searchBar/logo-220.png
52629823,kongduzi,1,1,图书>军事,孙子兵法,https://www.kongfz.com/static/kfz-searchBar/logo-220.png
52629823,kongduzi,1,1,图书>军事,孙子兵法,https://www.kongfz.com/static/kfz-searchBar/logo-220.png
52629823,kongduzi,1,1,图书>军事,孙子兵法,https://www.kongfz.com/static/kfz-searchBar/logo-220.png
52629823,kongduzi,1,1,图书>军事,孙子兵法,https://www.kongfz.com/static/kfz-searchBar/logo-220.png
52629823,kongduzi,1,1,图书>军事,孙子兵法,https://www.kongfz.com/static/kfz-searchBar/logo-220.png
52629823,kongduzi,1,1,图书>军事,孙子兵法,https://www.kongfz.com/static/kfz-searchBar/logo-220.png
52629823,kongduzi,1,1,图书>军事,孙子兵法,https://www.kongfz.com/static/kfz-searchBar/logo-220.png
52629823,kongduzi,1,1,图书>军事,孙子兵法,https://www.kongfz.com/static/kfz-searchBar/logo-220.png
52629823,kongduzi,1,1,图书>军事,孙子兵法,https://www.kongfz.com/static/kfz-searchBar/logo-220.png
52629823,kongduzi,1,1,图书>军事,孙子兵法,https://www.kongfz.com/static/kfz-searchBar/logo-220.png
52629823,kongduzi,1,1,图书>军事,孙子兵法,https://www.kongfz.com/static/kfz-searchBar/logo-220.png
52629823,kongduzi,1,1,图书>军事,孙子兵法,https://www.kongfz.com/static/kfz-searchBar/logo-220.png
52629823,kongduzi,1,1,图书>军事,孙子兵法,https://www.kongfz.com/static/kfz-searchBar/logo-220.png
52629823,kongduzi,1,1,图书>军事,孙子兵法,https://www.kongfz.com/static/kfz-searchBar/logo-220.png
52629823,kongduzi,1,1,图书>军事,孙子兵法,https://www.kongfz.com/static/kfz-searchBar/logo-220.png
52629823,kongduzi,1,1,图书>军事,孙子兵法,https://www.kongfz.com/static/kfz-searchBar/logo-220.png
52629823,kongduzi,1,1,图书>军事,孙子兵法,https://www.kongfz.com/static/kfz-searchBar/logo-220.png
52629823,kongduzi,1,1,图书>军事,孙子兵法,https://www.kongfz.com/static/kfz-searchBar/logo-220.png
52629823,kongduzi,1,1,图书>军事,孙子兵法,https://www.kongfz.com/static/kfz-searchBar/logo-220.png
52629823,kongduzi,1,1,图书>军事,孙子兵法,https://www.kongfz.com/static/kfz-searchBar/logo-220.png
52629823,kongduzi,1,1,图书>军事,孙子兵法,https://www.kongfz.com/static/kfz-searchBar/logo-220.png
52629823,kongduzi,1,1,图书>军事,孙子兵法,https://www.kongfz.com/static/kfz-searchBar/logo-220.png
52629823,kongduzi,1,1,图书>军事,孙子兵法,https://www.kongfz.com/static/kfz-searchBar/logo-220.png
52629823,kongduzi,1,1,图书>军事,孙子兵法,https://www.kongfz.com/static/kfz-searchBar/logo-220.png
52629823,kongduzi,1,1,图书>军事,孙子兵法,https://www.kongfz.com/static/kfz-searchBar/logo-220.png
52629823,kongduzi,1,1,图书>军事,孙子兵法,https://www.kongfz.com/static/kfz-searchBar/logo-220.png
52629823,kongduzi,1,1,图书>军事,孙子兵法,https://www.kongfz.com/static/kfz-searchBar/logo-220.png
52629823,kongduzi,1,1,图书>军事,孙子兵法,https://www.kongfz.com/static/kfz-searchBar/logo-220.png
52629823,kongduzi,1,1,图书>军事,孙子兵法,https://www.kongfz.com/static/kfz-searchBar/logo-220.png
52629823,kongduzi,1,1,图书>军事,孙子兵法,https://www.kongfz.com/static/kfz-searchBar/logo-220.png
52629823,kongduzi,1,1,图书>军事,孙子兵法,https://www.kongfz.com/static/kfz-searchBar/logo-220.png
52629823,kongduzi,1,1,图书>军事,孙子兵法,https://www.kongfz.com/static/kfz-searchBar/logo-220.png
52629823,kongduzi,1,1,图书>军事,孙子兵法,https://www.kongfz.com/static/kfz-searchBar/logo-220.png
52629823,kongduzi,1,1,图书>军事,孙子兵法,https://www.kongfz.com/static/kfz-searchBar/logo-220.png
52629823,kongduzi,1,1,图书>军事,孙子兵法,https://www.kongfz.com/static/kfz-searchBar/logo-220.png
52629823,kongduzi,1,1,图书>军事,孙子兵法,https://www.kongfz.com/static/kfz-searchBar/logo-220.png
52629823,kongduzi,1,1,图书>军事,孙子兵法,https://www.kongfz.com/static/kfz-searchBar/logo-220.png
52629823,kongduzi,1,1,图书>军事,孙子兵法,https://www.kongfz.com/static/kfz-searchBar/logo-220.png
52629823,kongduzi,1,1,图书>军事,孙子兵法,https://www.kongfz.com/static/kfz-searchBar/logo-220.png
52629823,kongduzi,1,1,图书>军事,孙子兵法,https://www.kongfz.com/static/kfz-searchBar/logo-220.png
52629823,kongduzi,1,1,图书>军事,孙子兵法,https://www.kongfz.com/static/kfz-searchBar/logo-220.png
52629823,kongduzi,1,1,图书>军事,孙子兵法,https://www.kongfz.com/static/kfz-searchBar/logo-220.png
52629823,kongduzi,1,1,图书>军事,孙子兵法,https://www.kongfz.com/static/kfz-searchBar/logo-220.png
52629823,kongduzi,1,1,图书>军事,孙子兵法,https://www.kongfz.com/static/kfz-searchBar/logo-220.png
52629823,kongduzi,1,1,图书>军事,孙子兵法,https://www.kongfz.com/static/kfz-searchBar/logo-220.png
52629823,kongduzi,1,1,图书>军事,孙子兵法,https://www.kongfz.com/static/kfz-searchBar/logo-220.png
52629823,kongduzi,1,1,图书>军事,孙子兵法,https://www.kongfz.com/static/kfz-searchBar/logo-220.png
52629823,kongduzi,1,1,图书>军事,孙子兵法,https://www.kongfz.com/static/kfz-searchBar/logo-220.png
52629823,kongduzi,1,1,图书>军事,孙子兵法,https://www.kongfz.com/static/kfz-searchBar/logo-220.png
52629823,kongduzi,1,1,图书>军事,孙子兵法,https://www.kongfz.com/static/kfz-searchBar/logo-220.png
52629823,kongduzi,1,1,图书>军事,孙子兵法,https://www.kongfz.com/static/kfz-searchBar/logo-220.png
52629823,kongduzi,1,1,图书>军事,孙子兵法,https://www.kongfz.com/static/kfz-searchBar/logo-220.png
52629823,kongduzi,1,1,图书>军事,孙子兵法,https://www.kongfz.com/static/kfz-searchBar/logo-220.png
52629823,kongduzi,1,1,图书>军事,孙子兵法,https://www.kongfz.com/static/kfz-searchBar/logo-220.png
52629823,kongduzi,1,1,图书>军事,孙子兵法,https://www.kongfz.com/static/kfz-searchBar/logo-220.png
52629823,kongduzi,1,1,图书>军事,孙子兵法,https://www.kongfz.com/static/kfz-searchBar/logo-220.png
52629823,kongduzi,1,1,图书>军事,孙子兵法,https://www.kongfz.com/static/kfz-searchBar/logo-220.png
52629823,kongduzi,1,1,图书>军事,孙子兵法,https://www.kongfz.com/static/kfz-searchBar/logo-220.png
52629823,kongduzi,1,1,图书>军事,孙子兵法,https://www.kongfz.com/static/kfz-searchBar/logo-220.png
52629823,kongduzi,1,1,图书>军事,孙子兵法,https://www.kongfz.com/static/kfz-searchBar/logo-220.png
52629823,kongduzi,1,1,图书>军事,孙子兵法,https://www.kongfz.com/static/kfz-searchBar/logo-220.png
52629823,kongduzi,1,1,图书>军事,孙子兵法,https://www.kongfz.com/static/kfz-searchBar/logo-220.png
52629823,kongduzi,1,1,图书>军事,孙子兵法,https://www.kongfz.com/static/kfz-searchBar/logo-220.png
52629823,kongduzi,1,1,图书>军事,孙子兵法,https://www.kongfz.com/static/kfz-searchBar/logo-220.png
52629823,kongduzi,1,1,图书>军事,孙子兵法,https://www.kongfz.com/static/kfz-searchBar/logo-220.png
52629823,kongduzi,1,1,图书>军事,孙子兵法,https://www.kongfz.com/static/kfz-searchBar/logo-220.png
52629823,kongduzi,1,1,图书>军事,孙子兵法,https://www.kongfz.com/static/kfz-searchBar/logo-220.png
52629823,kongduzi,1,1,图书>军事,孙子兵法,https://www.kongfz.com/static/kfz-searchBar/logo-220.png
52629823,kongduzi,1,1,图书>军事,孙子兵法,https://www.kongfz.com/static/kfz-searchBar/logo-220.png
52629823,kongduzi,1,1,图书>军事,孙子兵法,https://www.kongfz.com/static/kfz-searchBar/logo-220.png
52629823,kongduzi,1,1,图书>军事,孙子兵法,https://www.kongfz.com/static/kfz-searchBar/logo-220.png
52629823,kongduzi,1,1,图书>军事,孙子兵法,https://www.kongfz.com/static/kfz-searchBar/logo-220.png
52629823,kongduzi,1,1,图书>军事,孙子兵法,https://www.kongfz.com/static/kfz-searchBar/logo-220.png
52629823,kongduzi,1,1,图书>军事,孙子兵法,https://www.kongfz.com/static/kfz-searchBar/logo-220.png
52629823,kongduzi,1,1,图书>军事,孙子兵法,https://www.kongfz.com/static/kfz-searchBar/logo-220.png
52629823,kongduzi,1,1,图书>军事,孙子兵法,https://www.kongfz.com/static/kfz-searchBar/logo-220.png
52629823,kongduzi,1,1,图书>军事,孙子兵法,https://www.kongfz.com/static/kfz-searchBar/logo-220.png
52629823,kongduzi,1,1,图书>军事,孙子兵法,https://www.kongfz.com/static/kfz-searchBar/logo-220.png
52629823,kongduzi,1,1,图书>军事,孙子兵法,https://www.kongfz.com/static/kfz-searchBar/logo-220.png
52629823,kongduzi,1,1,图书>军事,孙子兵法,https://www.kongfz.com/static/kfz-searchBar/logo-220.png
52629823,kongduzi,1,1,图书>军事,孙子兵法,https://www.kongfz.com/static/kfz-searchBar/logo-220.png
52629823,kongduzi,1,1,图书>军事,孙子兵法,https://www.kongfz.com/static/kfz-searchBar/logo-220.png
52629823,kongduzi,1,1,图书>军事,孙子兵法,https://www.kongfz.com/static/kfz-searchBar/logo-220.png
52629823,kongduzi,1,1,图书>军事,孙子兵法,https://www.kongfz.com/static/kfz-searchBar/logo-220.png
52629823,kongduzi,1,1,图书>军事,孙子兵法,https://www.kongfz.com/static/kfz-searchBar/logo-220.png
52629823,kongduzi,1,1,图书>军事,孙子兵法,https://www.kongfz.com/static/kfz-searchBar/logo-220.png
52629823,kongduzi,1,1,图书>军事,孙子兵法,https://www.kongfz.com/static/kfz-searchBar/logo-220.png
52629823,kongduzi,1,1,图书>军事,孙子兵法,https://www.kongfz.com/static/kfz-searchBar/logo-220.png
52629823,kongduzi,1,1,图书>军事,孙子兵法,https://www.kongfz.com/static/kfz-searchBar/logo-220.png
52629823,kongduzi,1,1,图书>军事,孙子兵法,https://www.kongfz.com/static/kfz-searchBar/logo-220.png
52629823,kongduzi,1,1,图书>军事,孙子兵法,https://www.kongfz.com/static/kfz-searchBar/logo-220.png
52629823,kongduzi,1,1,图书>军事,孙子兵法,https://www.kongfz.com/static/kfz-searchBar/logo-220.png
52629823,kongduzi,1,1,图书>军事,孙子兵法,https://www.kongfz.com/static/kfz-searchBar/logo-220.png
52629823,kongduzi,1,1,图书>军事,孙子兵法,https://www.kongfz.com/static/kfz-searchBar/logo-220.png
52629823,kongduzi,1,1,图书>军事,孙子兵法,https://www.kongfz.com/static/kfz-searchBar/logo-220.png
52629823,kongduzi,1,1,图书>军事,孙子兵法,https://www.kongfz.com/static/kfz-searchBar/logo-220.png
52629823,kongduzi,1,1,图书>军事,孙子兵法,https://www.kongfz.com/static/kfz-searchBar/logo-220.png
52629823,kongduzi,1,1,图书>军事,孙子兵法,https://www.kongfz.com/static/kfz-searchBar/logo-220.png
52629823,kongduzi,1,1,图书>军事,孙子兵法,https://www.kongfz.com/static/kfz-searchBar/logo-220.png
52629823,kongduzi,1,1,图书>军事,孙子兵法,https://www.kongfz.com/static/kfz-searchBar/logo-220.png
52629823,kongduzi,1,1,图书>军事,孙子兵法,https://www.kongfz.com/static/kfz-searchBar/logo-220.png
52629823,kongduzi,1,1,图书>军事,孙子兵法,https://www.kongfz.com/static/kfz-searchBar/logo-220.png
52629823,kongduzi,1,1,图书>军事,孙子兵法,https://www.kongfz.com/static/kfz-searchBar/logo-220.png
52629823,kongduzi,1,1,图书>军事,孙子兵法,https://www.kongfz.com/static/kfz-searchBar/logo-220.png
52629823,kongduzi,1,1,图书>军事,孙子兵法,https://www.kongfz.com/static/kfz-searchBar/logo-220.png
52629823,kongduzi,1,1,图书>军事,孙子兵法,https://www.kongfz.com/static/kfz-searchBar/logo-220.png
52629823,kongduzi,1,1,图书>军事,孙子兵法,https://www.kongfz.com/static/kfz-searchBar/logo-220.png
52629823,kongduzi,1,1,图书>军事,孙子兵法,https://www.kongfz.com/static/kfz-searchBar/logo-220.png
52629823,kongduzi,1,1,图书>军事,孙子兵法,https://www.kongfz.com/static/kfz-searchBar/logo-220.png
52629823,kongduzi,1,1,图书>军事,孙子兵法,https://www.kongfz.com/static/kfz-searchBar/logo-220.png
52629823,kongduzi,1,1,图书>军事,孙子兵法,https://www.kongfz.com/static/kfz-searchBar/logo-220.png
52629823,kongduzi,1,1,图书>军事,孙子兵法,https://www.kongfz.com/static/kfz-searchBar/logo-220.png
52629823,kongduzi,1,1,图书>军事,孙子兵法,https://www.kongfz.com/static/kfz-searchBar/logo-220.png
52629823,kongduzi,1,1,图书>军事,孙子兵法,https://www.kongfz.com/static/kfz-searchBar/logo-220.png
52629823,kongduzi,1,1,图书>军事,孙子兵法,https://www.kongfz.com/static/kfz-searchBar/logo-220.png
52629823,kongduzi,1,1,图书>军事,孙子兵法,https://www.kongfz.com/static/kfz-searchBar/logo-220.png
52629823,kongduzi,1,1,图书>军事,孙子兵法,https://www.kongfz.com/static/kfz-searchBar/logo-220.png
52629823,kongduzi,1,1,图书>军事,孙子兵法,https://www.kongfz.com/static/kfz-searchBar/logo-220.png
52629823,kongduzi,1,1,图书>军事,孙子兵法,https://www.kongfz.com/static/kfz-searchBar/logo-220.png
52629823,kongduzi,1,1,图书>军事,孙子兵法,https://www.kongfz.com/static/kfz-searchBar/logo-220.png
52629823,kongduzi,1,1,图书>军事,孙子兵法,https://www.kongfz.com/static/kfz-searchBar/logo-220.png
52629823,kongduzi,1,1,图书>军事,孙子兵法,https://www.kongfz.com/static/kfz-searchBar/logo-220.png
52629823,kongduzi,1,1,图书>军事,孙子兵法,https://www.kongfz.com/static/kfz-searchBar/logo-220.png
52629823,kongduzi,1,1,图书>军事,孙子兵法,https://www.kongfz.com/static/kfz-searchBar/logo-220.png
52629823,kongduzi,1,1,图书>军事,孙子兵法,https://www.kongfz.com/static/kfz-searchBar/logo-220.png
52629823,kongduzi,1,1,图书>军事,孙子兵法,https://www.kongfz.com/static/kfz-searchBar/logo-220.png
52629823,kongduzi,1,1,图书>军事,孙子兵法,https://www.kongfz.com/static/kfz-searchBar/logo-220.png
52629823,kongduzi,1,1,图书>军事,孙子兵法,https://www.kongfz.com/static/kfz-searchBar/logo-220.png
52629823,kongduzi,1,1,图书>军事,孙子兵法,https://www.kongfz.com/static/kfz-searchBar/logo-220.png
52629823,kongduzi,1,1,图书>军事,孙子兵法,https://www.kongfz.com/static/kfz-searchBar/logo-220.png
52629823,kongduzi,1,1,图书>军事,孙子兵法,https://www.kongfz.com/static/kfz-searchBar/logo-220.png
52629823,kongduzi,1,1,图书>军事,孙子兵法,https://www.kongfz.com/static/kfz-searchBar/logo-220.png
52629823,kongduzi,1,1,图书>军事,孙子兵法,https://www.kongfz.com/static/kfz-searchBar/logo-220.png
52629823,kongduzi,1,1,图书>军事,孙子兵法,https://www.kongfz.com/static/kfz-searchBar/logo-220.png
52629823,kongduzi,1,1,图书>军事,孙子兵法,https://www.kongfz.com/static/kfz-searchBar/logo-220.png
52629823,kongduzi,1,1,图书>军事,孙子兵法,https://www.kongfz.com/static/kfz-searchBar/logo-220.png
52629823,kongduzi,1,1,图书>军事,孙子兵法,https://www.kongfz.com/static/kfz-searchBar/logo-220.png
52629823,kongduzi,1,1,图书>军事,孙子兵法,https://www.kongfz.com/static/kfz-searchBar/logo-220.png
52629823,kongduzi,1,1,图书>军事,孙子兵法,https://www.kongfz.com/static/kfz-searchBar/logo-220.png
52629823,kongduzi,1,1,图书>军事,孙子兵法,https://www.kongfz.com/static/kfz-searchBar/logo-220.png
52629823,kongduzi,1,1,图书>军事,孙子兵法,https://www.kongfz.com/static/kfz-searchBar/logo-220.png
52629823,kongduzi,1,1,图书>军事,孙子兵法,https://www.kongfz.com/static/kfz-searchBar/logo-220.png
52629823,kongduzi,1,1,图书>军事,孙子兵法,https://www.kongfz.com/static/kfz-searchBar/logo-220.png
52629823,kongduzi,1,1,图书>军事,孙子兵法,https://www.kongfz.com/static/kfz-searchBar/logo-220.png
52629823,kongduzi,1,1,图书>军事,孙子兵法,https://www.kongfz.com/static/kfz-searchBar/logo-220.png
52629823,kongduzi,1,1,图书>军事,孙子兵法,https://www.kongfz.com/static/kfz-searchBar/logo-220.png
52629823,kongduzi,1,1,图书>军事,孙子兵法,https://www.kongfz.com/static/kfz-searchBar/logo-220.png
52629823,kongduzi,1,1,图书>军事,孙子兵法,https://www.kongfz.com/static/kfz-searchBar/logo-220.png
52629823,kongduzi,1,1,图书>军事,孙子兵法,https://www.kongfz.com/static/kfz-searchBar/logo-220.png
52629823,kongduzi,1,1,图书>军事,孙子兵法,https://www.kongfz.com/static/kfz-searchBar/logo-220.png
52629823,kongduzi,1,1,图书>军事,孙子兵法,https://www.kongfz.com/static/kfz-searchBar/logo-220.png
52629823,kongduzi,1,1,图书>军事,孙子兵法,https://www.kongfz.com/static/kfz-searchBar/logo-220.png
52629823,kongduzi,1,1,图书>军事,孙子兵法,https://www.kongfz.com/static/kfz-searchBar/logo-220.png
52629823,kongduzi,1,1,图书>军事,孙子兵法,https://www.kongfz.com/static/kfz-searchBar/logo-220.png
52629823,kongduzi,1,1,图书>军事,孙子兵法,https://www.kongfz.com/static/kfz-searchBar/logo-220.png
52629823,kongduzi,1,1,图书>军事,孙子兵法,https://www.kongfz.com/static/kfz-searchBar/logo-220.png
52629823,kongduzi,1,1,图书>军事,孙子兵法,https://www.kongfz.com/static/kfz-searchBar/logo-220.png
52629823,kongduzi,1,1,图书>军事,孙子兵法,https://www.kongfz.com/static/kfz-searchBar/logo-220.png
52629823,kongduzi,1,1,图书>军事,孙子兵法,https://www.kongfz.com/static/kfz-searchBar/logo-220.png
52629823,kongduzi,1,1,图书>军事,孙子兵法,https://www.kongfz.com/static/kfz-searchBar/logo-220.png
52629823,kongduzi,1,1,图书>军事,孙子兵法,https://www.kongfz.com/static/kfz-searchBar/logo-220.png
52629823,kongduzi,1,1,图书>军事,孙子兵法,https://www.kongfz.com/static/kfz-searchBar/logo-220.png
52629823,kongduzi,1,1,图书>军事,孙子兵法,https://www.kongfz.com/static/kfz-searchBar/logo-220.png
52629823,kongduzi,1,1,图书>军事,孙子兵法,https://www.kongfz.com/static/kfz-searchBar/logo-220.png
52629823,kongduzi,1,1,图书>军事,孙子兵法,https://www.kongfz.com/static/kfz-searchBar/logo-220.png
52629823,kongduzi,1,1,图书>军事,孙子兵法,https://www.kongfz.com/static/kfz-searchBar/logo-220.png
52629823,kongduzi,1,1,图书>军事,孙子兵法,https://www.kongfz.com/static/kfz-searchBar/logo-220.png
52629823,kongduzi,1,1,图书>军事,孙子兵法,https://www.kongfz.com/static/kfz-searchBar/logo-220.png
52629823,kongduzi,1,1,图书>军事,孙子兵法,https://www.kongfz.com/static/kfz-searchBar/logo-220.png
52629823,kongduzi,1,1,图书>军事,孙子兵法,https://www.kongfz.com/static/kfz-searchBar/logo-220.png
52629823,kongduzi,1,1,图书>军事,孙子兵法,https://www.kongfz.com/static/kfz-searchBar/logo-220.png
52629823,kongduzi,1,1,图书>军事,孙子兵法,https://www.kongfz.com/static/kfz-searchBar/logo-220.png
52629823,kongduzi,1,1,图书>军事,孙子兵法,https://www.kongfz.com/static/kfz-searchBar/logo-220.png
52629823,kongduzi,1,1,图书>军事,孙子兵法,https://www.kongfz.com/static/kfz-searchBar/logo-220.png
52629823,kongduzi,1,1,图书>军事,孙子兵法,https://www.kongfz.com/static/kfz-searchBar/logo-220.png
52629823,kongduzi,1,1,图书>军事,孙子兵法,https://www.kongfz.com/static/kfz-searchBar/logo-220.png
52629823,kongduzi,1,1,图书>军事,孙子兵法,https://www.kongfz.com/static/kfz-searchBar/logo-220.png
52629823,kongduzi,1,1,图书>军事,孙子兵法,https://www.kongfz.com/static/kfz-searchBar/logo-220.png
52629823,kongduzi,1,1,图书>军事,孙子兵法,https://www.kongfz.com/static/kfz-searchBar/logo-220.png
52629823,kongduzi,1,1,图书>军事,孙子兵法,https://www.kongfz.com/static/kfz-searchBar/logo-220.png
52629823,kongduzi,1,1,图书>军事,孙子兵法,https://www.kongfz.com/static/kfz-searchBar/logo-220.png
52629823,kongduzi,1,1,图书>军事,孙子兵法,https://www.kongfz.com/static/kfz-searchBar/logo-220.png
52629823,kongduzi,1,1,图书>军事,孙子兵法,https://www.kongfz.com/static/kfz-searchBar/logo-220.png
52629823,kongduzi,1,1,图书>军事,孙子兵法,https://www.kongfz.com/static/kfz-searchBar/logo-220.png
52629823,kongduzi,1,1,图书>军事,孙子兵法,https://www.kongfz.com/static/kfz-searchBar/logo-220.png
52629823,kongduzi,1,1,图书>军事,孙子兵法,https://www.kongfz.com/static/kfz-searchBar/logo-220.png
52629823,kongduzi,1,1,图书>军事,孙子兵法,https://www.kongfz.com/static/kfz-searchBar/logo-220.png
52629823,kongduzi,1,1,图书>军事,孙子兵法,https://www.kongfz.com/static/kfz-searchBar/logo-220.png
52629823,kongduzi,1,1,图书>军事,孙子兵法,https://www.kongfz.com/static/kfz-searchBar/logo-220.png
52629823,kongduzi,1,1,图书>军事,孙子兵法,https://www.kongfz.com/static/kfz-searchBar/logo-220.png
52629823,kongduzi,1,1,图书>军事,孙子兵法,https://www.kongfz.com/static/kfz-searchBar/logo-220.png
52629823,kongduzi,1,1,图书>军事,孙子兵法,https://www.kongfz.com/static/kfz-searchBar/logo-220.png
52629823,kongduzi,1,1,图书>军事,孙子兵法,https://www.kongfz.com/static/kfz-searchBar/logo-220.png
